-- phpMyAdmin SQL Dump
-- version 5.2.1
-- https://www.phpmyadmin.net/
--
-- Host: 127.0.0.1
-- Generation Time: Jun 10, 2024 at 04:40 PM
-- Server version: 10.4.32-MariaDB
-- PHP Version: 8.2.12

SET SQL_MODE = "NO_AUTO_VALUE_ON_ZERO";
START TRANSACTION;
SET time_zone = "+00:00";


/*!40101 SET @OLD_CHARACTER_SET_CLIENT=@@CHARACTER_SET_CLIENT */;
/*!40101 SET @OLD_CHARACTER_SET_RESULTS=@@CHARACTER_SET_RESULTS */;
/*!40101 SET @OLD_COLLATION_CONNECTION=@@COLLATION_CONNECTION */;
/*!40101 SET NAMES utf8mb4 */;

--
-- Database: `ahp_crips`
--
CREATE DATABASE IF NOT EXISTS `ahp_crips` DEFAULT CHARACTER SET latin1 COLLATE latin1_swedish_ci;
USE `ahp_crips`;

-- --------------------------------------------------------

--
-- Table structure for table `tb_alternatif`
--

CREATE TABLE `tb_alternatif` (
  `kode_alternatif` varchar(16) NOT NULL,
  `nama_alternatif` varchar(255) DEFAULT NULL,
  `keterangan` varchar(255) DEFAULT NULL,
  `total` double DEFAULT NULL,
  `rank` int(11) DEFAULT NULL
) ENGINE=MyISAM DEFAULT CHARSET=latin1 COLLATE=latin1_swedish_ci;

--
-- Dumping data for table `tb_alternatif`
--

INSERT INTO `tb_alternatif` (`kode_alternatif`, `nama_alternatif`, `keterangan`, `total`, `rank`) VALUES
('A3', 'RIYONO ALI', '', 0.18167095420383, 3),
('A1', 'ALI MUHTAR', '', 0.21205710629334, 1),
('A2', 'BASUKI', '', 0.19219828700424, 2);

-- --------------------------------------------------------

--
-- Table structure for table `tb_kriteria`
--

CREATE TABLE `tb_kriteria` (
  `kode_kriteria` varchar(16) NOT NULL,
  `nama_kriteria` varchar(256) DEFAULT NULL
) ENGINE=MyISAM DEFAULT CHARSET=latin1 COLLATE=latin1_swedish_ci;

--
-- Dumping data for table `tb_kriteria`
--

INSERT INTO `tb_kriteria` (`kode_kriteria`, `nama_kriteria`) VALUES
('C2', 'Sikap'),
('C3', 'Tanggung Jawab'),
('C4', 'Kemampuan'),
('C1', 'Kehadiran'),
('C5', 'Kerjasama'),
('C6', 'Kedisiplinan');

-- --------------------------------------------------------

--
-- Table structure for table `tb_rel_alternatif`
--

CREATE TABLE `tb_rel_alternatif` (
  `ID` int(11) NOT NULL,
  `kode_alternatif` varchar(255) DEFAULT NULL,
  `kode_kriteria` varchar(255) DEFAULT NULL,
  `kode_sub` varchar(255) DEFAULT NULL
) ENGINE=MyISAM DEFAULT CHARSET=latin1 COLLATE=latin1_swedish_ci;

--
-- Dumping data for table `tb_rel_alternatif`
--

INSERT INTO `tb_rel_alternatif` (`ID`, `kode_alternatif`, `kode_kriteria`, `kode_sub`) VALUES
(64, 'A1', 'C5', 'KS1'),
(59, 'A3', 'C4', 'KM1'),
(52, 'A3', 'C3', 'TJ2'),
(45, 'A3', 'C2', 'S2'),
(58, 'A2', 'C4', 'KM2'),
(51, 'A2', 'C3', 'TJ1'),
(44, 'A2', 'C2', 'S2'),
(38, 'A3', 'C1', 'K1'),
(37, 'A2', 'C1', 'K1'),
(57, 'A1', 'C4', 'KM1'),
(50, 'A1', 'C3', 'TJ2'),
(43, 'A1', 'C2', 'S2'),
(36, 'A1', 'C1', 'K2'),
(65, 'A2', 'C5', 'KS3'),
(66, 'A3', 'C5', 'KS2'),
(71, 'A1', 'C6', 'KP1'),
(72, 'A2', 'C6', 'KP2'),
(73, 'A3', 'C6', 'KP3');

-- --------------------------------------------------------

--
-- Table structure for table `tb_rel_kriteria`
--

CREATE TABLE `tb_rel_kriteria` (
  `ID` int(11) NOT NULL,
  `ID1` varchar(16) DEFAULT NULL,
  `ID2` varchar(16) DEFAULT NULL,
  `nilai` double DEFAULT NULL
) ENGINE=MyISAM DEFAULT CHARSET=latin1 COLLATE=latin1_swedish_ci;

--
-- Dumping data for table `tb_rel_kriteria`
--

INSERT INTO `tb_rel_kriteria` (`ID`, `ID1`, `ID2`, `nilai`) VALUES
(134, 'C4', 'C1', 0.25),
(135, 'C4', 'C2', 0.333333333),
(133, 'C2', 'C3', 2),
(128, 'C1', 'C2', 2),
(131, 'C3', 'C3', 1),
(132, 'C1', 'C3', 3),
(141, 'C5', 'C1', 0.333333333),
(139, 'C2', 'C4', 3),
(140, 'C3', 'C4', 2),
(138, 'C1', 'C4', 4),
(137, 'C4', 'C4', 1),
(130, 'C3', 'C2', 0.5),
(127, 'C2', 'C2', 1),
(125, 'C1', 'C1', 1),
(136, 'C4', 'C3', 0.5),
(129, 'C3', 'C1', 0.333333333),
(126, 'C2', 'C1', 0.5),
(142, 'C5', 'C2', 0.25),
(143, 'C5', 'C3', 0.333333333),
(144, 'C5', 'C4', 0.5),
(145, 'C5', 'C5', 1),
(146, 'C1', 'C5', 3),
(147, 'C2', 'C5', 4),
(148, 'C3', 'C5', 3),
(149, 'C4', 'C5', 2),
(150, 'C6', 'C1', 0.2),
(151, 'C6', 'C2', 0.333333333),
(152, 'C6', 'C3', 0.25),
(153, 'C6', 'C4', 0.333333333),
(154, 'C6', 'C5', 0.333333333),
(155, 'C6', 'C6', 1),
(156, 'C1', 'C6', 5),
(157, 'C2', 'C6', 3),
(158, 'C3', 'C6', 4),
(159, 'C4', 'C6', 3),
(160, 'C5', 'C6', 3);

-- --------------------------------------------------------

--
-- Table structure for table `tb_rel_sub`
--

CREATE TABLE `tb_rel_sub` (
  `ID` int(11) NOT NULL,
  `ID1` varchar(255) DEFAULT NULL,
  `ID2` varchar(255) DEFAULT NULL,
  `nilai` double DEFAULT NULL,
  `bobot` double DEFAULT NULL
) ENGINE=MyISAM DEFAULT CHARSET=latin1 COLLATE=latin1_swedish_ci;

--
-- Dumping data for table `tb_rel_sub`
--

INSERT INTO `tb_rel_sub` (`ID`, `ID1`, `ID2`, `nilai`, `bobot`) VALUES
(846, 'K1', 'TJ2', 1, NULL),
(880, 'TJ1', 'TJ3', 4, NULL),
(811, 'S3', 'S5', 3, NULL),
(808, 'K5', 'S5', 1, NULL),
(809, 'S1', 'S5', 5, NULL),
(810, 'S2', 'S5', 4, NULL),
(807, 'K4', 'S5', 1, NULL),
(806, 'K3', 'S5', 1, NULL),
(801, 'S5', 'S3', 0.333333333, NULL),
(802, 'S5', 'S4', 0.5, NULL),
(803, 'S5', 'S5', 1, NULL),
(804, 'K1', 'S5', 1, NULL),
(805, 'K2', 'S5', 1, NULL),
(879, 'S5', 'TJ3', 1, NULL),
(845, 'TJ2', 'TJ2', 1, NULL),
(844, 'TJ2', 'TJ1', 0.5, NULL),
(843, 'TJ2', 'S5', 1, NULL),
(878, 'S4', 'TJ3', 1, NULL),
(842, 'TJ2', 'S4', 1, NULL),
(841, 'TJ2', 'S3', 1, NULL),
(800, 'S5', 'S2', 0.25, NULL),
(799, 'S5', 'S1', 0.2, NULL),
(798, 'S5', 'K5', 1, NULL),
(797, 'S5', 'K4', 1, NULL),
(795, 'S5', 'K2', 1, NULL),
(796, 'S5', 'K3', 1, NULL),
(731, 'K5', 'S1', 1, NULL),
(732, 'S2', 'K1', 1, NULL),
(733, 'S2', 'K2', 1, NULL),
(877, 'S3', 'TJ3', 1, NULL),
(840, 'TJ2', 'S2', 1, NULL),
(839, 'TJ2', 'S1', 1, NULL),
(876, 'S2', 'TJ3', 1, NULL),
(875, 'S1', 'TJ3', 1, NULL),
(874, 'K5', 'TJ3', 1, NULL),
(873, 'K4', 'TJ3', 1, NULL),
(838, 'TJ2', 'K5', 1, NULL),
(872, 'K3', 'TJ3', 1, NULL),
(837, 'TJ2', 'K4', 1, NULL),
(836, 'TJ2', 'K3', 1, NULL),
(835, 'TJ2', 'K2', 1, NULL),
(871, 'K2', 'TJ3', 1, NULL),
(834, 'TJ2', 'K1', 1, NULL),
(833, 'S5', 'TJ1', 1, NULL),
(870, 'K1', 'TJ3', 1, NULL),
(869, 'TJ3', 'TJ3', 1, NULL),
(868, 'TJ3', 'TJ2', 0.5, NULL),
(867, 'TJ3', 'TJ1', 0.25, NULL),
(832, 'S4', 'TJ1', 1, NULL),
(831, 'S3', 'TJ1', 1, NULL),
(866, 'TJ3', 'S5', 1, NULL),
(792, 'S2', 'S4', 3, NULL),
(793, 'S3', 'S4', 2, NULL),
(794, 'S5', 'K1', 1, NULL),
(789, 'K4', 'S4', 1, NULL),
(790, 'K5', 'S4', 1, NULL),
(791, 'S1', 'S4', 4, NULL),
(865, 'TJ3', 'S4', 1, NULL),
(864, 'TJ3', 'S3', 1, NULL),
(759, 'S2', 'S3', 2, NULL),
(788, 'K3', 'S4', 1, NULL),
(784, 'S4', 'S3', 0.5, NULL),
(785, 'S4', 'S4', 1, NULL),
(786, 'K1', 'S4', 1, NULL),
(787, 'K2', 'S4', 1, NULL),
(757, 'K5', 'S3', 1, NULL),
(758, 'S1', 'S3', 3, NULL),
(756, 'K4', 'S3', 1, NULL),
(755, 'K3', 'S3', 1, NULL),
(754, 'K2', 'S3', 1, NULL),
(863, 'TJ3', 'S2', 1, NULL),
(753, 'K1', 'S3', 1, NULL),
(830, 'S2', 'TJ1', 1, NULL),
(752, 'S3', 'S3', 1, NULL),
(829, 'S1', 'TJ1', 1, NULL),
(828, 'K5', 'TJ1', 1, NULL),
(827, 'K4', 'TJ1', 1, NULL),
(862, 'TJ3', 'S1', 1, NULL),
(861, 'TJ3', 'K5', 1, NULL),
(730, 'K4', 'S1', 1, NULL),
(729, 'K3', 'S1', 1, NULL),
(751, 'S3', 'S2', 0.5, NULL),
(750, 'S3', 'S1', 0.333333333, NULL),
(826, 'K3', 'TJ1', 1, NULL),
(825, 'K2', 'TJ1', 1, NULL),
(860, 'TJ3', 'K4', 1, NULL),
(859, 'TJ3', 'K3', 1, NULL),
(728, 'K2', 'S1', 1, NULL),
(749, 'S3', 'K5', 1, NULL),
(748, 'S3', 'K4', 1, NULL),
(824, 'K1', 'TJ1', 1, NULL),
(823, 'TJ1', 'TJ1', 1, NULL),
(858, 'TJ3', 'K2', 1, NULL),
(857, 'TJ3', 'K1', 1, NULL),
(727, 'K1', 'S1', 1, NULL),
(726, 'S1', 'S1', 1, NULL),
(725, 'S1', 'K5', 1, NULL),
(747, 'S3', 'K3', 1, NULL),
(746, 'S3', 'K2', 1, NULL),
(822, 'TJ1', 'S5', 1, NULL),
(821, 'TJ1', 'S4', 1, NULL),
(856, 'TJ1', 'TJ2', 2, NULL),
(855, 'S5', 'TJ2', 1, NULL),
(724, 'S1', 'K4', 1, NULL),
(723, 'S1', 'K3', 1, NULL),
(704, 'K2', 'K3', 2, NULL),
(745, 'S3', 'K1', 1, NULL),
(744, 'S1', 'S2', 2, NULL),
(820, 'TJ1', 'S3', 1, NULL),
(819, 'TJ1', 'S2', 1, NULL),
(854, 'S4', 'TJ2', 1, NULL),
(853, 'S3', 'TJ2', 1, NULL),
(722, 'S1', 'K2', 1, NULL),
(721, 'S1', 'K1', 1, NULL),
(720, 'K4', 'K5', 2, NULL),
(743, 'K5', 'S2', 1, NULL),
(742, 'K4', 'S2', 1, NULL),
(818, 'TJ1', 'S1', 1, NULL),
(817, 'TJ1', 'K5', 1, NULL),
(852, 'S2', 'TJ2', 1, NULL),
(851, 'S1', 'TJ2', 1, NULL),
(719, 'K3', 'K5', 3, NULL),
(718, 'K2', 'K5', 4, NULL),
(717, 'K1', 'K5', 5, NULL),
(703, 'K1', 'K3', 3, NULL),
(702, 'K3', 'K3', 1, NULL),
(741, 'K3', 'S2', 1, NULL),
(740, 'K2', 'S2', 1, NULL),
(816, 'TJ1', 'K4', 1, NULL),
(815, 'TJ1', 'K3', 1, NULL),
(850, 'K5', 'TJ2', 1, NULL),
(849, 'K4', 'TJ2', 1, NULL),
(716, 'K5', 'K5', 1, NULL),
(715, 'K5', 'K4', 0.5, NULL),
(714, 'K5', 'K3', 0.333333333, NULL),
(701, 'K3', 'K2', 0.5, NULL),
(739, 'K1', 'S2', 1, NULL),
(738, 'S2', 'S2', 1, NULL),
(814, 'TJ1', 'K2', 1, NULL),
(813, 'TJ1', 'K1', 1, NULL),
(848, 'K3', 'TJ2', 1, NULL),
(847, 'K2', 'TJ2', 1, NULL),
(713, 'K5', 'K2', 0.25, NULL),
(712, 'K5', 'K1', 0.2, NULL),
(711, 'K3', 'K4', 2, NULL),
(700, 'K3', 'K1', 0.333333333, NULL),
(699, 'K1', 'K2', 2, NULL),
(698, 'K2', 'K2', 1, NULL),
(737, 'S2', 'S1', 0.5, NULL),
(736, 'S2', 'K5', 1, NULL),
(812, 'S4', 'S5', 2, NULL),
(781, 'S4', 'K5', 1, NULL),
(782, 'S4', 'S1', 0.25, NULL),
(783, 'S4', 'S2', 0.333333333, NULL),
(710, 'K2', 'K4', 3, NULL),
(709, 'K1', 'K4', 4, NULL),
(708, 'K4', 'K4', 1, NULL),
(697, 'K2', 'K1', 0.5, NULL),
(696, 'K1', 'K1', 1, NULL),
(735, 'S2', 'K4', 1, NULL),
(734, 'S2', 'K3', 1, NULL),
(780, 'S4', 'K4', 1, NULL),
(777, 'S4', 'K1', 1, NULL),
(778, 'S4', 'K2', 1, NULL),
(779, 'S4', 'K3', 1, NULL),
(707, 'K4', 'K3', 0.5, NULL),
(706, 'K4', 'K2', 0.333333333, NULL),
(705, 'K4', 'K1', 0.25, NULL),
(881, 'TJ2', 'TJ3', 2, NULL),
(882, 'TJ4', 'K1', 1, NULL),
(883, 'TJ4', 'K2', 1, NULL),
(884, 'TJ4', 'K3', 1, NULL),
(885, 'TJ4', 'K4', 1, NULL),
(886, 'TJ4', 'K5', 1, NULL),
(887, 'TJ4', 'S1', 1, NULL),
(888, 'TJ4', 'S2', 1, NULL),
(889, 'TJ4', 'S3', 1, NULL),
(890, 'TJ4', 'S4', 1, NULL),
(891, 'TJ4', 'S5', 1, NULL),
(892, 'TJ4', 'TJ1', 0.2, NULL),
(893, 'TJ4', 'TJ2', 0.25, NULL),
(894, 'TJ4', 'TJ3', 0.5, NULL),
(895, 'TJ4', 'TJ4', 1, NULL),
(896, 'K1', 'TJ4', 1, NULL),
(897, 'K2', 'TJ4', 1, NULL),
(898, 'K3', 'TJ4', 1, NULL),
(899, 'K4', 'TJ4', 1, NULL),
(900, 'K5', 'TJ4', 1, NULL),
(901, 'S1', 'TJ4', 1, NULL),
(902, 'S2', 'TJ4', 1, NULL),
(903, 'S3', 'TJ4', 1, NULL),
(904, 'S4', 'TJ4', 1, NULL),
(905, 'S5', 'TJ4', 1, NULL),
(906, 'TJ1', 'TJ4', 5, NULL),
(907, 'TJ2', 'TJ4', 4, NULL),
(908, 'TJ3', 'TJ4', 2, NULL),
(909, 'TJ5', 'K1', 1, NULL),
(910, 'TJ5', 'K2', 1, NULL),
(911, 'TJ5', 'K3', 1, NULL),
(912, 'TJ5', 'K4', 1, NULL),
(913, 'TJ5', 'K5', 1, NULL),
(914, 'TJ5', 'S1', 1, NULL),
(915, 'TJ5', 'S2', 1, NULL),
(916, 'TJ5', 'S3', 1, NULL),
(917, 'TJ5', 'S4', 1, NULL),
(918, 'TJ5', 'S5', 1, NULL),
(919, 'TJ5', 'TJ1', 0.142857142, NULL),
(920, 'TJ5', 'TJ2', 0.2, NULL),
(921, 'TJ5', 'TJ3', 0.25, NULL),
(922, 'TJ5', 'TJ4', 0.5, NULL),
(923, 'TJ5', 'TJ5', 1, NULL),
(924, 'K1', 'TJ5', 1, NULL),
(925, 'K2', 'TJ5', 1, NULL),
(926, 'K3', 'TJ5', 1, NULL),
(927, 'K4', 'TJ5', 1, NULL),
(928, 'K5', 'TJ5', 1, NULL),
(929, 'S1', 'TJ5', 1, NULL),
(930, 'S2', 'TJ5', 1, NULL),
(931, 'S3', 'TJ5', 1, NULL),
(932, 'S4', 'TJ5', 1, NULL),
(933, 'S5', 'TJ5', 1, NULL),
(934, 'TJ1', 'TJ5', 7, NULL),
(935, 'TJ2', 'TJ5', 5, NULL),
(936, 'TJ3', 'TJ5', 4, NULL),
(937, 'TJ4', 'TJ5', 2, NULL),
(938, 'KM1', 'K1', 1, NULL),
(939, 'KM1', 'K2', 1, NULL),
(940, 'KM1', 'K3', 1, NULL),
(941, 'KM1', 'K4', 1, NULL),
(942, 'KM1', 'K5', 1, NULL),
(943, 'KM1', 'KM1', 1, NULL),
(944, 'KM1', 'S1', 1, NULL),
(945, 'KM1', 'S2', 1, NULL),
(946, 'KM1', 'S3', 1, NULL),
(947, 'KM1', 'S4', 1, NULL),
(948, 'KM1', 'S5', 1, NULL),
(949, 'KM1', 'TJ1', 1, NULL),
(950, 'KM1', 'TJ2', 1, NULL),
(951, 'KM1', 'TJ3', 1, NULL),
(952, 'KM1', 'TJ4', 1, NULL),
(953, 'KM1', 'TJ5', 1, NULL),
(954, 'K1', 'KM1', 1, NULL),
(955, 'K2', 'KM1', 1, NULL),
(956, 'K3', 'KM1', 1, NULL),
(957, 'K4', 'KM1', 1, NULL),
(958, 'K5', 'KM1', 1, NULL),
(959, 'S1', 'KM1', 1, NULL),
(960, 'S2', 'KM1', 1, NULL),
(961, 'S3', 'KM1', 1, NULL),
(962, 'S4', 'KM1', 1, NULL),
(963, 'S5', 'KM1', 1, NULL),
(964, 'TJ1', 'KM1', 1, NULL),
(965, 'TJ2', 'KM1', 1, NULL),
(966, 'TJ3', 'KM1', 1, NULL),
(967, 'TJ4', 'KM1', 1, NULL),
(968, 'TJ5', 'KM1', 1, NULL),
(969, 'KM2', 'K1', 1, NULL),
(970, 'KM2', 'K2', 1, NULL),
(971, 'KM2', 'K3', 1, NULL),
(972, 'KM2', 'K4', 1, NULL),
(973, 'KM2', 'K5', 1, NULL),
(974, 'KM2', 'KM1', 0.5, NULL),
(975, 'KM2', 'KM2', 1, NULL),
(976, 'KM2', 'S1', 1, NULL),
(977, 'KM2', 'S2', 1, NULL),
(978, 'KM2', 'S3', 1, NULL),
(979, 'KM2', 'S4', 1, NULL),
(980, 'KM2', 'S5', 1, NULL),
(981, 'KM2', 'TJ1', 1, NULL),
(982, 'KM2', 'TJ2', 1, NULL),
(983, 'KM2', 'TJ3', 1, NULL),
(984, 'KM2', 'TJ4', 1, NULL),
(985, 'KM2', 'TJ5', 1, NULL),
(986, 'K1', 'KM2', 1, NULL),
(987, 'K2', 'KM2', 1, NULL),
(988, 'K3', 'KM2', 1, NULL),
(989, 'K4', 'KM2', 1, NULL),
(990, 'K5', 'KM2', 1, NULL),
(991, 'KM1', 'KM2', 2, NULL),
(992, 'S1', 'KM2', 1, NULL),
(993, 'S2', 'KM2', 1, NULL),
(994, 'S3', 'KM2', 1, NULL),
(995, 'S4', 'KM2', 1, NULL),
(996, 'S5', 'KM2', 1, NULL),
(997, 'TJ1', 'KM2', 1, NULL),
(998, 'TJ2', 'KM2', 1, NULL),
(999, 'TJ3', 'KM2', 1, NULL),
(1000, 'TJ4', 'KM2', 1, NULL),
(1001, 'TJ5', 'KM2', 1, NULL),
(1002, 'KM3', 'K1', 1, NULL),
(1003, 'KM3', 'K2', 1, NULL),
(1004, 'KM3', 'K3', 1, NULL),
(1005, 'KM3', 'K4', 1, NULL),
(1006, 'KM3', 'K5', 1, NULL),
(1007, 'KM3', 'KM1', 0.333333333, NULL),
(1008, 'KM3', 'KM2', 0.5, NULL),
(1009, 'KM3', 'KM3', 1, NULL),
(1010, 'KM3', 'S1', 1, NULL),
(1011, 'KM3', 'S2', 1, NULL),
(1012, 'KM3', 'S3', 1, NULL),
(1013, 'KM3', 'S4', 1, NULL),
(1014, 'KM3', 'S5', 1, NULL),
(1015, 'KM3', 'TJ1', 1, NULL),
(1016, 'KM3', 'TJ2', 1, NULL),
(1017, 'KM3', 'TJ3', 1, NULL),
(1018, 'KM3', 'TJ4', 1, NULL),
(1019, 'KM3', 'TJ5', 1, NULL),
(1020, 'K1', 'KM3', 1, NULL),
(1021, 'K2', 'KM3', 1, NULL),
(1022, 'K3', 'KM3', 1, NULL),
(1023, 'K4', 'KM3', 1, NULL),
(1024, 'K5', 'KM3', 1, NULL),
(1025, 'KM1', 'KM3', 3, NULL),
(1026, 'KM2', 'KM3', 2, NULL),
(1027, 'S1', 'KM3', 1, NULL),
(1028, 'S2', 'KM3', 1, NULL),
(1029, 'S3', 'KM3', 1, NULL),
(1030, 'S4', 'KM3', 1, NULL),
(1031, 'S5', 'KM3', 1, NULL),
(1032, 'TJ1', 'KM3', 1, NULL),
(1033, 'TJ2', 'KM3', 1, NULL),
(1034, 'TJ3', 'KM3', 1, NULL),
(1035, 'TJ4', 'KM3', 1, NULL),
(1036, 'TJ5', 'KM3', 1, NULL),
(1037, 'KM4', 'K1', 1, NULL),
(1038, 'KM4', 'K2', 1, NULL),
(1039, 'KM4', 'K3', 1, NULL),
(1040, 'KM4', 'K4', 1, NULL),
(1041, 'KM4', 'K5', 1, NULL),
(1042, 'KM4', 'KM1', 0.25, NULL),
(1043, 'KM4', 'KM2', 0.333333333, NULL),
(1044, 'KM4', 'KM3', 0.5, NULL),
(1045, 'KM4', 'KM4', 1, NULL),
(1046, 'KM4', 'S1', 1, NULL),
(1047, 'KM4', 'S2', 1, NULL),
(1048, 'KM4', 'S3', 1, NULL),
(1049, 'KM4', 'S4', 1, NULL),
(1050, 'KM4', 'S5', 1, NULL),
(1051, 'KM4', 'TJ1', 1, NULL),
(1052, 'KM4', 'TJ2', 1, NULL),
(1053, 'KM4', 'TJ3', 1, NULL),
(1054, 'KM4', 'TJ4', 1, NULL),
(1055, 'KM4', 'TJ5', 1, NULL),
(1056, 'K1', 'KM4', 1, NULL),
(1057, 'K2', 'KM4', 1, NULL),
(1058, 'K3', 'KM4', 1, NULL),
(1059, 'K4', 'KM4', 1, NULL),
(1060, 'K5', 'KM4', 1, NULL),
(1061, 'KM1', 'KM4', 4, NULL),
(1062, 'KM2', 'KM4', 3, NULL),
(1063, 'KM3', 'KM4', 2, NULL),
(1064, 'S1', 'KM4', 1, NULL),
(1065, 'S2', 'KM4', 1, NULL),
(1066, 'S3', 'KM4', 1, NULL),
(1067, 'S4', 'KM4', 1, NULL),
(1068, 'S5', 'KM4', 1, NULL),
(1069, 'TJ1', 'KM4', 1, NULL),
(1070, 'TJ2', 'KM4', 1, NULL),
(1071, 'TJ3', 'KM4', 1, NULL),
(1072, 'TJ4', 'KM4', 1, NULL),
(1073, 'TJ5', 'KM4', 1, NULL),
(1074, 'KM5', 'K1', 1, NULL),
(1075, 'KM5', 'K2', 1, NULL),
(1076, 'KM5', 'K3', 1, NULL),
(1077, 'KM5', 'K4', 1, NULL),
(1078, 'KM5', 'K5', 1, NULL),
(1079, 'KM5', 'KM1', 0.2, NULL),
(1080, 'KM5', 'KM2', 0.25, NULL),
(1081, 'KM5', 'KM3', 0.333333333, NULL),
(1082, 'KM5', 'KM4', 0.5, NULL),
(1083, 'KM5', 'KM5', 1, NULL),
(1084, 'KM5', 'S1', 1, NULL),
(1085, 'KM5', 'S2', 1, NULL),
(1086, 'KM5', 'S3', 1, NULL),
(1087, 'KM5', 'S4', 1, NULL),
(1088, 'KM5', 'S5', 1, NULL),
(1089, 'KM5', 'TJ1', 1, NULL),
(1090, 'KM5', 'TJ2', 1, NULL),
(1091, 'KM5', 'TJ3', 1, NULL),
(1092, 'KM5', 'TJ4', 1, NULL),
(1093, 'KM5', 'TJ5', 1, NULL),
(1094, 'K1', 'KM5', 1, NULL),
(1095, 'K2', 'KM5', 1, NULL),
(1096, 'K3', 'KM5', 1, NULL),
(1097, 'K4', 'KM5', 1, NULL),
(1098, 'K5', 'KM5', 1, NULL),
(1099, 'KM1', 'KM5', 5, NULL),
(1100, 'KM2', 'KM5', 4, NULL),
(1101, 'KM3', 'KM5', 3, NULL),
(1102, 'KM4', 'KM5', 2, NULL),
(1103, 'S1', 'KM5', 1, NULL),
(1104, 'S2', 'KM5', 1, NULL),
(1105, 'S3', 'KM5', 1, NULL),
(1106, 'S4', 'KM5', 1, NULL),
(1107, 'S5', 'KM5', 1, NULL),
(1108, 'TJ1', 'KM5', 1, NULL),
(1109, 'TJ2', 'KM5', 1, NULL),
(1110, 'TJ3', 'KM5', 1, NULL),
(1111, 'TJ4', 'KM5', 1, NULL),
(1112, 'TJ5', 'KM5', 1, NULL),
(1113, 'KS1', 'K1', 1, NULL),
(1114, 'KS1', 'K2', 1, NULL),
(1115, 'KS1', 'K3', 1, NULL),
(1116, 'KS1', 'K4', 1, NULL),
(1117, 'KS1', 'K5', 1, NULL),
(1118, 'KS1', 'KM1', 1, NULL),
(1119, 'KS1', 'KM2', 1, NULL),
(1120, 'KS1', 'KM3', 1, NULL),
(1121, 'KS1', 'KM4', 1, NULL),
(1122, 'KS1', 'KM5', 1, NULL),
(1123, 'KS1', 'KS1', 1, NULL),
(1124, 'KS1', 'S1', 1, NULL),
(1125, 'KS1', 'S2', 1, NULL),
(1126, 'KS1', 'S3', 1, NULL),
(1127, 'KS1', 'S4', 1, NULL),
(1128, 'KS1', 'S5', 1, NULL),
(1129, 'KS1', 'TJ1', 1, NULL),
(1130, 'KS1', 'TJ2', 1, NULL),
(1131, 'KS1', 'TJ3', 1, NULL),
(1132, 'KS1', 'TJ4', 1, NULL),
(1133, 'KS1', 'TJ5', 1, NULL),
(1134, 'K1', 'KS1', 1, NULL),
(1135, 'K2', 'KS1', 1, NULL),
(1136, 'K3', 'KS1', 1, NULL),
(1137, 'K4', 'KS1', 1, NULL),
(1138, 'K5', 'KS1', 1, NULL),
(1139, 'KM1', 'KS1', 1, NULL),
(1140, 'KM2', 'KS1', 1, NULL),
(1141, 'KM3', 'KS1', 1, NULL),
(1142, 'KM4', 'KS1', 1, NULL),
(1143, 'KM5', 'KS1', 1, NULL),
(1144, 'S1', 'KS1', 1, NULL),
(1145, 'S2', 'KS1', 1, NULL),
(1146, 'S3', 'KS1', 1, NULL),
(1147, 'S4', 'KS1', 1, NULL),
(1148, 'S5', 'KS1', 1, NULL),
(1149, 'TJ1', 'KS1', 1, NULL),
(1150, 'TJ2', 'KS1', 1, NULL),
(1151, 'TJ3', 'KS1', 1, NULL),
(1152, 'TJ4', 'KS1', 1, NULL),
(1153, 'TJ5', 'KS1', 1, NULL),
(1154, 'KS2', 'K1', 1, NULL),
(1155, 'KS2', 'K2', 1, NULL),
(1156, 'KS2', 'K3', 1, NULL),
(1157, 'KS2', 'K4', 1, NULL),
(1158, 'KS2', 'K5', 1, NULL),
(1159, 'KS2', 'KM1', 1, NULL),
(1160, 'KS2', 'KM2', 1, NULL),
(1161, 'KS2', 'KM3', 1, NULL),
(1162, 'KS2', 'KM4', 1, NULL),
(1163, 'KS2', 'KM5', 1, NULL),
(1164, 'KS2', 'KS1', 0.5, NULL),
(1165, 'KS2', 'KS2', 1, NULL),
(1166, 'KS2', 'S1', 1, NULL),
(1167, 'KS2', 'S2', 1, NULL),
(1168, 'KS2', 'S3', 1, NULL),
(1169, 'KS2', 'S4', 1, NULL),
(1170, 'KS2', 'S5', 1, NULL),
(1171, 'KS2', 'TJ1', 1, NULL),
(1172, 'KS2', 'TJ2', 1, NULL),
(1173, 'KS2', 'TJ3', 1, NULL),
(1174, 'KS2', 'TJ4', 1, NULL),
(1175, 'KS2', 'TJ5', 1, NULL),
(1176, 'K1', 'KS2', 1, NULL),
(1177, 'K2', 'KS2', 1, NULL),
(1178, 'K3', 'KS2', 1, NULL),
(1179, 'K4', 'KS2', 1, NULL),
(1180, 'K5', 'KS2', 1, NULL),
(1181, 'KM1', 'KS2', 1, NULL),
(1182, 'KM2', 'KS2', 1, NULL),
(1183, 'KM3', 'KS2', 1, NULL),
(1184, 'KM4', 'KS2', 1, NULL),
(1185, 'KM5', 'KS2', 1, NULL),
(1186, 'KS1', 'KS2', 2, NULL),
(1187, 'S1', 'KS2', 1, NULL),
(1188, 'S2', 'KS2', 1, NULL),
(1189, 'S3', 'KS2', 1, NULL),
(1190, 'S4', 'KS2', 1, NULL),
(1191, 'S5', 'KS2', 1, NULL),
(1192, 'TJ1', 'KS2', 1, NULL),
(1193, 'TJ2', 'KS2', 1, NULL),
(1194, 'TJ3', 'KS2', 1, NULL),
(1195, 'TJ4', 'KS2', 1, NULL),
(1196, 'TJ5', 'KS2', 1, NULL),
(1197, 'KS3', 'K1', 1, NULL),
(1198, 'KS3', 'K2', 1, NULL),
(1199, 'KS3', 'K3', 1, NULL),
(1200, 'KS3', 'K4', 1, NULL),
(1201, 'KS3', 'K5', 1, NULL),
(1202, 'KS3', 'KM1', 1, NULL),
(1203, 'KS3', 'KM2', 1, NULL),
(1204, 'KS3', 'KM3', 1, NULL),
(1205, 'KS3', 'KM4', 1, NULL),
(1206, 'KS3', 'KM5', 1, NULL),
(1207, 'KS3', 'KS1', 0.25, NULL),
(1208, 'KS3', 'KS2', 0.5, NULL),
(1209, 'KS3', 'KS3', 1, NULL),
(1210, 'KS3', 'S1', 1, NULL),
(1211, 'KS3', 'S2', 1, NULL),
(1212, 'KS3', 'S3', 1, NULL),
(1213, 'KS3', 'S4', 1, NULL),
(1214, 'KS3', 'S5', 1, NULL),
(1215, 'KS3', 'TJ1', 1, NULL),
(1216, 'KS3', 'TJ2', 1, NULL),
(1217, 'KS3', 'TJ3', 1, NULL),
(1218, 'KS3', 'TJ4', 1, NULL),
(1219, 'KS3', 'TJ5', 1, NULL),
(1220, 'K1', 'KS3', 1, NULL),
(1221, 'K2', 'KS3', 1, NULL),
(1222, 'K3', 'KS3', 1, NULL),
(1223, 'K4', 'KS3', 1, NULL),
(1224, 'K5', 'KS3', 1, NULL),
(1225, 'KM1', 'KS3', 1, NULL),
(1226, 'KM2', 'KS3', 1, NULL),
(1227, 'KM3', 'KS3', 1, NULL),
(1228, 'KM4', 'KS3', 1, NULL),
(1229, 'KM5', 'KS3', 1, NULL),
(1230, 'KS1', 'KS3', 4, NULL),
(1231, 'KS2', 'KS3', 2, NULL),
(1232, 'S1', 'KS3', 1, NULL),
(1233, 'S2', 'KS3', 1, NULL),
(1234, 'S3', 'KS3', 1, NULL),
(1235, 'S4', 'KS3', 1, NULL),
(1236, 'S5', 'KS3', 1, NULL),
(1237, 'TJ1', 'KS3', 1, NULL),
(1238, 'TJ2', 'KS3', 1, NULL),
(1239, 'TJ3', 'KS3', 1, NULL),
(1240, 'TJ4', 'KS3', 1, NULL),
(1241, 'TJ5', 'KS3', 1, NULL),
(1242, 'KS4', 'K1', 1, NULL),
(1243, 'KS4', 'K2', 1, NULL),
(1244, 'KS4', 'K3', 1, NULL),
(1245, 'KS4', 'K4', 1, NULL),
(1246, 'KS4', 'K5', 1, NULL),
(1247, 'KS4', 'KM1', 1, NULL),
(1248, 'KS4', 'KM2', 1, NULL),
(1249, 'KS4', 'KM3', 1, NULL),
(1250, 'KS4', 'KM4', 1, NULL),
(1251, 'KS4', 'KM5', 1, NULL),
(1252, 'KS4', 'KS1', 0.2, NULL),
(1253, 'KS4', 'KS2', 0.25, NULL),
(1254, 'KS4', 'KS3', 0.5, NULL),
(1255, 'KS4', 'KS4', 1, NULL),
(1256, 'KS4', 'S1', 1, NULL),
(1257, 'KS4', 'S2', 1, NULL),
(1258, 'KS4', 'S3', 1, NULL),
(1259, 'KS4', 'S4', 1, NULL),
(1260, 'KS4', 'S5', 1, NULL),
(1261, 'KS4', 'TJ1', 1, NULL),
(1262, 'KS4', 'TJ2', 1, NULL),
(1263, 'KS4', 'TJ3', 1, NULL),
(1264, 'KS4', 'TJ4', 1, NULL),
(1265, 'KS4', 'TJ5', 1, NULL),
(1266, 'K1', 'KS4', 1, NULL),
(1267, 'K2', 'KS4', 1, NULL),
(1268, 'K3', 'KS4', 1, NULL),
(1269, 'K4', 'KS4', 1, NULL),
(1270, 'K5', 'KS4', 1, NULL),
(1271, 'KM1', 'KS4', 1, NULL),
(1272, 'KM2', 'KS4', 1, NULL),
(1273, 'KM3', 'KS4', 1, NULL),
(1274, 'KM4', 'KS4', 1, NULL),
(1275, 'KM5', 'KS4', 1, NULL),
(1276, 'KS1', 'KS4', 5, NULL),
(1277, 'KS2', 'KS4', 4, NULL),
(1278, 'KS3', 'KS4', 2, NULL),
(1279, 'S1', 'KS4', 1, NULL),
(1280, 'S2', 'KS4', 1, NULL),
(1281, 'S3', 'KS4', 1, NULL),
(1282, 'S4', 'KS4', 1, NULL),
(1283, 'S5', 'KS4', 1, NULL),
(1284, 'TJ1', 'KS4', 1, NULL),
(1285, 'TJ2', 'KS4', 1, NULL),
(1286, 'TJ3', 'KS4', 1, NULL),
(1287, 'TJ4', 'KS4', 1, NULL),
(1288, 'TJ5', 'KS4', 1, NULL),
(1289, 'KS5', 'K1', 1, NULL),
(1290, 'KS5', 'K2', 1, NULL),
(1291, 'KS5', 'K3', 1, NULL),
(1292, 'KS5', 'K4', 1, NULL),
(1293, 'KS5', 'K5', 1, NULL),
(1294, 'KS5', 'KM1', 1, NULL),
(1295, 'KS5', 'KM2', 1, NULL),
(1296, 'KS5', 'KM3', 1, NULL),
(1297, 'KS5', 'KM4', 1, NULL),
(1298, 'KS5', 'KM5', 1, NULL),
(1299, 'KS5', 'KS1', 0.142857142, NULL),
(1300, 'KS5', 'KS2', 0.2, NULL),
(1301, 'KS5', 'KS3', 0.25, NULL),
(1302, 'KS5', 'KS4', 0.5, NULL),
(1303, 'KS5', 'KS5', 1, NULL),
(1304, 'KS5', 'S1', 1, NULL),
(1305, 'KS5', 'S2', 1, NULL),
(1306, 'KS5', 'S3', 1, NULL),
(1307, 'KS5', 'S4', 1, NULL),
(1308, 'KS5', 'S5', 1, NULL),
(1309, 'KS5', 'TJ1', 1, NULL),
(1310, 'KS5', 'TJ2', 1, NULL),
(1311, 'KS5', 'TJ3', 1, NULL),
(1312, 'KS5', 'TJ4', 1, NULL),
(1313, 'KS5', 'TJ5', 1, NULL),
(1314, 'K1', 'KS5', 1, NULL),
(1315, 'K2', 'KS5', 1, NULL),
(1316, 'K3', 'KS5', 1, NULL),
(1317, 'K4', 'KS5', 1, NULL),
(1318, 'K5', 'KS5', 1, NULL),
(1319, 'KM1', 'KS5', 1, NULL),
(1320, 'KM2', 'KS5', 1, NULL),
(1321, 'KM3', 'KS5', 1, NULL),
(1322, 'KM4', 'KS5', 1, NULL),
(1323, 'KM5', 'KS5', 1, NULL),
(1324, 'KS1', 'KS5', 7, NULL),
(1325, 'KS2', 'KS5', 5, NULL),
(1326, 'KS3', 'KS5', 4, NULL),
(1327, 'KS4', 'KS5', 2, NULL),
(1328, 'S1', 'KS5', 1, NULL),
(1329, 'S2', 'KS5', 1, NULL),
(1330, 'S3', 'KS5', 1, NULL),
(1331, 'S4', 'KS5', 1, NULL),
(1332, 'S5', 'KS5', 1, NULL),
(1333, 'TJ1', 'KS5', 1, NULL),
(1334, 'TJ2', 'KS5', 1, NULL),
(1335, 'TJ3', 'KS5', 1, NULL),
(1336, 'TJ4', 'KS5', 1, NULL),
(1337, 'TJ5', 'KS5', 1, NULL),
(1338, 'KP1', 'K1', 1, NULL),
(1339, 'KP1', 'K2', 1, NULL),
(1340, 'KP1', 'K3', 1, NULL),
(1341, 'KP1', 'K4', 1, NULL),
(1342, 'KP1', 'K5', 1, NULL),
(1343, 'KP1', 'KM1', 1, NULL),
(1344, 'KP1', 'KM2', 1, NULL),
(1345, 'KP1', 'KM3', 1, NULL),
(1346, 'KP1', 'KM4', 1, NULL),
(1347, 'KP1', 'KM5', 1, NULL),
(1348, 'KP1', 'KP1', 1, NULL),
(1349, 'KP1', 'KS1', 1, NULL),
(1350, 'KP1', 'KS2', 1, NULL),
(1351, 'KP1', 'KS3', 1, NULL),
(1352, 'KP1', 'KS4', 1, NULL),
(1353, 'KP1', 'KS5', 1, NULL),
(1354, 'KP1', 'S1', 1, NULL),
(1355, 'KP1', 'S2', 1, NULL),
(1356, 'KP1', 'S3', 1, NULL),
(1357, 'KP1', 'S4', 1, NULL),
(1358, 'KP1', 'S5', 1, NULL),
(1359, 'KP1', 'TJ1', 1, NULL),
(1360, 'KP1', 'TJ2', 1, NULL),
(1361, 'KP1', 'TJ3', 1, NULL),
(1362, 'KP1', 'TJ4', 1, NULL),
(1363, 'KP1', 'TJ5', 1, NULL),
(1364, 'K1', 'KP1', 1, NULL),
(1365, 'K2', 'KP1', 1, NULL),
(1366, 'K3', 'KP1', 1, NULL),
(1367, 'K4', 'KP1', 1, NULL),
(1368, 'K5', 'KP1', 1, NULL),
(1369, 'KM1', 'KP1', 1, NULL),
(1370, 'KM2', 'KP1', 1, NULL),
(1371, 'KM3', 'KP1', 1, NULL),
(1372, 'KM4', 'KP1', 1, NULL),
(1373, 'KM5', 'KP1', 1, NULL),
(1374, 'KS1', 'KP1', 1, NULL),
(1375, 'KS2', 'KP1', 1, NULL),
(1376, 'KS3', 'KP1', 1, NULL),
(1377, 'KS4', 'KP1', 1, NULL),
(1378, 'KS5', 'KP1', 1, NULL),
(1379, 'S1', 'KP1', 1, NULL),
(1380, 'S2', 'KP1', 1, NULL),
(1381, 'S3', 'KP1', 1, NULL),
(1382, 'S4', 'KP1', 1, NULL),
(1383, 'S5', 'KP1', 1, NULL),
(1384, 'TJ1', 'KP1', 1, NULL),
(1385, 'TJ2', 'KP1', 1, NULL),
(1386, 'TJ3', 'KP1', 1, NULL),
(1387, 'TJ4', 'KP1', 1, NULL),
(1388, 'TJ5', 'KP1', 1, NULL),
(1389, 'KP2', 'K1', 1, NULL),
(1390, 'KP2', 'K2', 1, NULL),
(1391, 'KP2', 'K3', 1, NULL),
(1392, 'KP2', 'K4', 1, NULL),
(1393, 'KP2', 'K5', 1, NULL),
(1394, 'KP2', 'KM1', 1, NULL),
(1395, 'KP2', 'KM2', 1, NULL),
(1396, 'KP2', 'KM3', 1, NULL),
(1397, 'KP2', 'KM4', 1, NULL),
(1398, 'KP2', 'KM5', 1, NULL),
(1399, 'KP2', 'KP1', 0.5, NULL),
(1400, 'KP2', 'KP2', 1, NULL),
(1401, 'KP2', 'KS1', 1, NULL),
(1402, 'KP2', 'KS2', 1, NULL),
(1403, 'KP2', 'KS3', 1, NULL),
(1404, 'KP2', 'KS4', 1, NULL),
(1405, 'KP2', 'KS5', 1, NULL),
(1406, 'KP2', 'S1', 1, NULL),
(1407, 'KP2', 'S2', 1, NULL),
(1408, 'KP2', 'S3', 1, NULL),
(1409, 'KP2', 'S4', 1, NULL),
(1410, 'KP2', 'S5', 1, NULL),
(1411, 'KP2', 'TJ1', 1, NULL),
(1412, 'KP2', 'TJ2', 1, NULL),
(1413, 'KP2', 'TJ3', 1, NULL),
(1414, 'KP2', 'TJ4', 1, NULL),
(1415, 'KP2', 'TJ5', 1, NULL),
(1416, 'K1', 'KP2', 1, NULL),
(1417, 'K2', 'KP2', 1, NULL),
(1418, 'K3', 'KP2', 1, NULL),
(1419, 'K4', 'KP2', 1, NULL),
(1420, 'K5', 'KP2', 1, NULL),
(1421, 'KM1', 'KP2', 1, NULL),
(1422, 'KM2', 'KP2', 1, NULL),
(1423, 'KM3', 'KP2', 1, NULL),
(1424, 'KM4', 'KP2', 1, NULL),
(1425, 'KM5', 'KP2', 1, NULL),
(1426, 'KP1', 'KP2', 2, NULL),
(1427, 'KS1', 'KP2', 1, NULL),
(1428, 'KS2', 'KP2', 1, NULL),
(1429, 'KS3', 'KP2', 1, NULL),
(1430, 'KS4', 'KP2', 1, NULL),
(1431, 'KS5', 'KP2', 1, NULL),
(1432, 'S1', 'KP2', 1, NULL),
(1433, 'S2', 'KP2', 1, NULL),
(1434, 'S3', 'KP2', 1, NULL),
(1435, 'S4', 'KP2', 1, NULL),
(1436, 'S5', 'KP2', 1, NULL),
(1437, 'TJ1', 'KP2', 1, NULL),
(1438, 'TJ2', 'KP2', 1, NULL),
(1439, 'TJ3', 'KP2', 1, NULL),
(1440, 'TJ4', 'KP2', 1, NULL),
(1441, 'TJ5', 'KP2', 1, NULL),
(1442, 'KP3', 'K1', 1, NULL),
(1443, 'KP3', 'K2', 1, NULL),
(1444, 'KP3', 'K3', 1, NULL),
(1445, 'KP3', 'K4', 1, NULL),
(1446, 'KP3', 'K5', 1, NULL),
(1447, 'KP3', 'KM1', 1, NULL),
(1448, 'KP3', 'KM2', 1, NULL),
(1449, 'KP3', 'KM3', 1, NULL),
(1450, 'KP3', 'KM4', 1, NULL),
(1451, 'KP3', 'KM5', 1, NULL),
(1452, 'KP3', 'KP1', 0.25, NULL),
(1453, 'KP3', 'KP2', 0.5, NULL),
(1454, 'KP3', 'KP3', 1, NULL),
(1455, 'KP3', 'KS1', 1, NULL),
(1456, 'KP3', 'KS2', 1, NULL),
(1457, 'KP3', 'KS3', 1, NULL),
(1458, 'KP3', 'KS4', 1, NULL),
(1459, 'KP3', 'KS5', 1, NULL),
(1460, 'KP3', 'S1', 1, NULL),
(1461, 'KP3', 'S2', 1, NULL),
(1462, 'KP3', 'S3', 1, NULL),
(1463, 'KP3', 'S4', 1, NULL),
(1464, 'KP3', 'S5', 1, NULL),
(1465, 'KP3', 'TJ1', 1, NULL),
(1466, 'KP3', 'TJ2', 1, NULL),
(1467, 'KP3', 'TJ3', 1, NULL),
(1468, 'KP3', 'TJ4', 1, NULL),
(1469, 'KP3', 'TJ5', 1, NULL),
(1470, 'K1', 'KP3', 1, NULL),
(1471, 'K2', 'KP3', 1, NULL),
(1472, 'K3', 'KP3', 1, NULL),
(1473, 'K4', 'KP3', 1, NULL),
(1474, 'K5', 'KP3', 1, NULL),
(1475, 'KM1', 'KP3', 1, NULL),
(1476, 'KM2', 'KP3', 1, NULL),
(1477, 'KM3', 'KP3', 1, NULL),
(1478, 'KM4', 'KP3', 1, NULL),
(1479, 'KM5', 'KP3', 1, NULL),
(1480, 'KP1', 'KP3', 4, NULL),
(1481, 'KP2', 'KP3', 2, NULL),
(1482, 'KS1', 'KP3', 1, NULL),
(1483, 'KS2', 'KP3', 1, NULL),
(1484, 'KS3', 'KP3', 1, NULL),
(1485, 'KS4', 'KP3', 1, NULL),
(1486, 'KS5', 'KP3', 1, NULL),
(1487, 'S1', 'KP3', 1, NULL),
(1488, 'S2', 'KP3', 1, NULL),
(1489, 'S3', 'KP3', 1, NULL),
(1490, 'S4', 'KP3', 1, NULL),
(1491, 'S5', 'KP3', 1, NULL),
(1492, 'TJ1', 'KP3', 1, NULL),
(1493, 'TJ2', 'KP3', 1, NULL),
(1494, 'TJ3', 'KP3', 1, NULL),
(1495, 'TJ4', 'KP3', 1, NULL),
(1496, 'TJ5', 'KP3', 1, NULL),
(1497, 'KP4', 'K1', 1, NULL),
(1498, 'KP4', 'K2', 1, NULL),
(1499, 'KP4', 'K3', 1, NULL),
(1500, 'KP4', 'K4', 1, NULL),
(1501, 'KP4', 'K5', 1, NULL),
(1502, 'KP4', 'KM1', 1, NULL),
(1503, 'KP4', 'KM2', 1, NULL),
(1504, 'KP4', 'KM3', 1, NULL),
(1505, 'KP4', 'KM4', 1, NULL),
(1506, 'KP4', 'KM5', 1, NULL),
(1507, 'KP4', 'KP1', 0.2, NULL),
(1508, 'KP4', 'KP2', 0.25, NULL),
(1509, 'KP4', 'KP3', 0.5, NULL),
(1510, 'KP4', 'KP4', 1, NULL),
(1511, 'KP4', 'KS1', 1, NULL),
(1512, 'KP4', 'KS2', 1, NULL),
(1513, 'KP4', 'KS3', 1, NULL),
(1514, 'KP4', 'KS4', 1, NULL),
(1515, 'KP4', 'KS5', 1, NULL),
(1516, 'KP4', 'S1', 1, NULL),
(1517, 'KP4', 'S2', 1, NULL),
(1518, 'KP4', 'S3', 1, NULL),
(1519, 'KP4', 'S4', 1, NULL),
(1520, 'KP4', 'S5', 1, NULL),
(1521, 'KP4', 'TJ1', 1, NULL),
(1522, 'KP4', 'TJ2', 1, NULL),
(1523, 'KP4', 'TJ3', 1, NULL),
(1524, 'KP4', 'TJ4', 1, NULL),
(1525, 'KP4', 'TJ5', 1, NULL),
(1526, 'K1', 'KP4', 1, NULL),
(1527, 'K2', 'KP4', 1, NULL),
(1528, 'K3', 'KP4', 1, NULL),
(1529, 'K4', 'KP4', 1, NULL),
(1530, 'K5', 'KP4', 1, NULL),
(1531, 'KM1', 'KP4', 1, NULL),
(1532, 'KM2', 'KP4', 1, NULL),
(1533, 'KM3', 'KP4', 1, NULL),
(1534, 'KM4', 'KP4', 1, NULL),
(1535, 'KM5', 'KP4', 1, NULL),
(1536, 'KP1', 'KP4', 5, NULL),
(1537, 'KP2', 'KP4', 4, NULL),
(1538, 'KP3', 'KP4', 2, NULL),
(1539, 'KS1', 'KP4', 1, NULL),
(1540, 'KS2', 'KP4', 1, NULL),
(1541, 'KS3', 'KP4', 1, NULL),
(1542, 'KS4', 'KP4', 1, NULL),
(1543, 'KS5', 'KP4', 1, NULL),
(1544, 'S1', 'KP4', 1, NULL),
(1545, 'S2', 'KP4', 1, NULL),
(1546, 'S3', 'KP4', 1, NULL),
(1547, 'S4', 'KP4', 1, NULL),
(1548, 'S5', 'KP4', 1, NULL),
(1549, 'TJ1', 'KP4', 1, NULL),
(1550, 'TJ2', 'KP4', 1, NULL),
(1551, 'TJ3', 'KP4', 1, NULL),
(1552, 'TJ4', 'KP4', 1, NULL),
(1553, 'TJ5', 'KP4', 1, NULL),
(1554, 'KP5', 'K1', 1, NULL),
(1555, 'KP5', 'K2', 1, NULL),
(1556, 'KP5', 'K3', 1, NULL),
(1557, 'KP5', 'K4', 1, NULL),
(1558, 'KP5', 'K5', 1, NULL),
(1559, 'KP5', 'KM1', 1, NULL),
(1560, 'KP5', 'KM2', 1, NULL),
(1561, 'KP5', 'KM3', 1, NULL),
(1562, 'KP5', 'KM4', 1, NULL),
(1563, 'KP5', 'KM5', 1, NULL),
(1564, 'KP5', 'KP1', 0.166666666, NULL),
(1565, 'KP5', 'KP2', 0.2, NULL),
(1566, 'KP5', 'KP3', 0.25, NULL),
(1567, 'KP5', 'KP4', 0.333333333, NULL),
(1568, 'KP5', 'KP5', 1, NULL),
(1569, 'KP5', 'KS1', 1, NULL),
(1570, 'KP5', 'KS2', 1, NULL),
(1571, 'KP5', 'KS3', 1, NULL),
(1572, 'KP5', 'KS4', 1, NULL),
(1573, 'KP5', 'KS5', 1, NULL),
(1574, 'KP5', 'S1', 1, NULL),
(1575, 'KP5', 'S2', 1, NULL),
(1576, 'KP5', 'S3', 1, NULL),
(1577, 'KP5', 'S4', 1, NULL),
(1578, 'KP5', 'S5', 1, NULL),
(1579, 'KP5', 'TJ1', 1, NULL),
(1580, 'KP5', 'TJ2', 1, NULL),
(1581, 'KP5', 'TJ3', 1, NULL),
(1582, 'KP5', 'TJ4', 1, NULL),
(1583, 'KP5', 'TJ5', 1, NULL),
(1584, 'K1', 'KP5', 1, NULL),
(1585, 'K2', 'KP5', 1, NULL),
(1586, 'K3', 'KP5', 1, NULL),
(1587, 'K4', 'KP5', 1, NULL),
(1588, 'K5', 'KP5', 1, NULL),
(1589, 'KM1', 'KP5', 1, NULL),
(1590, 'KM2', 'KP5', 1, NULL),
(1591, 'KM3', 'KP5', 1, NULL),
(1592, 'KM4', 'KP5', 1, NULL),
(1593, 'KM5', 'KP5', 1, NULL),
(1594, 'KP1', 'KP5', 6, NULL),
(1595, 'KP2', 'KP5', 5, NULL),
(1596, 'KP3', 'KP5', 4, NULL),
(1597, 'KP4', 'KP5', 3, NULL),
(1598, 'KS1', 'KP5', 1, NULL),
(1599, 'KS2', 'KP5', 1, NULL),
(1600, 'KS3', 'KP5', 1, NULL),
(1601, 'KS4', 'KP5', 1, NULL),
(1602, 'KS5', 'KP5', 1, NULL),
(1603, 'S1', 'KP5', 1, NULL),
(1604, 'S2', 'KP5', 1, NULL),
(1605, 'S3', 'KP5', 1, NULL),
(1606, 'S4', 'KP5', 1, NULL),
(1607, 'S5', 'KP5', 1, NULL),
(1608, 'TJ1', 'KP5', 1, NULL),
(1609, 'TJ2', 'KP5', 1, NULL),
(1610, 'TJ3', 'KP5', 1, NULL),
(1611, 'TJ4', 'KP5', 1, NULL),
(1612, 'TJ5', 'KP5', 1, NULL);

-- --------------------------------------------------------

--
-- Table structure for table `tb_sub`
--

CREATE TABLE `tb_sub` (
  `kode_sub` varchar(255) NOT NULL,
  `kode_kriteria` varchar(255) DEFAULT NULL,
  `nama_sub` varchar(255) DEFAULT NULL,
  `nilai_sub` double DEFAULT NULL
) ENGINE=InnoDB DEFAULT CHARSET=latin1 COLLATE=latin1_swedish_ci;

--
-- Dumping data for table `tb_sub`
--

INSERT INTO `tb_sub` (`kode_sub`, `kode_kriteria`, `nama_sub`, `nilai_sub`) VALUES
('K1', 'C1', 'Sangat Baik', 0.41621244548037),
('K2', 'C1', 'Baik', 0.26178798812998),
('K3', 'C1', 'Cukup', 0.161050406967),
('K4', 'C1', 'Kurang', 0.098572772875889),
('K5', 'C1', 'Sangat Kurang', 0.062376386546761),
('KM1', 'C4', 'Sangat Baik', 0.41621244548037),
('KM2', 'C4', 'Baik', 0.26178798812998),
('KM3', 'C4', 'Cukup', 0.161050406967),
('KM4', 'C4', 'Kurang', 0.098572772875889),
('KM5', 'C4', 'Sangat Kurang', 0.062376386546761),
('KP1', 'C6', 'Sangat Baik', 0.44321879406268),
('KP2', 'C6', 'Baik', 0.26698635293527),
('KP3', 'C6', 'Cukup', 0.14928265015184),
('KP4', 'C6', 'Kurang', 0.092254255040856),
('KP5', 'C6', 'Sangat Kurang', 0.048257947809357),
('KS1', 'C5', 'Sangat Baik', 0.45373897973362),
('KS2', 'C5', 'Baik', 0.26665896355102),
('KS3', 'C5', 'Cukup', 0.14911895545972),
('KS4', 'C5', 'Kurang', 0.081726713227676),
('KS5', 'C5', 'Sangat Kurang', 0.048756388027966),
('S1', 'C2', 'Sangat Baik', 0.41621244548037),
('S2', 'C2', 'Baik', 0.26178798812998),
('S3', 'C2', 'Cukup', 0.161050406967),
('S4', 'C2', 'Kurang', 0.098572772875889),
('S5', 'C2', 'Sangat Kurang', 0.062376386546761),
('TJ1', 'C3', 'Sangat Baik', 0.45373897973362),
('TJ2', 'C3', 'Baik', 0.26665896355102),
('TJ3', 'C3', 'Cukup', 0.14911895545972),
('TJ4', 'C3', 'Kurang', 0.081726713227676),
('TJ5', 'C3', 'Sangat Kurang', 0.048756388027966);

-- --------------------------------------------------------

--
-- Table structure for table `tb_user`
--

CREATE TABLE `tb_user` (
  `kode_user` varchar(255) NOT NULL,
  `user` varchar(255) NOT NULL,
  `pass` varchar(255) NOT NULL,
  `nama_user` varchar(255) NOT NULL,
  `level` varchar(255) NOT NULL
) ENGINE=InnoDB DEFAULT CHARSET=latin1 COLLATE=latin1_swedish_ci;

--
-- Dumping data for table `tb_user`
--

INSERT INTO `tb_user` (`kode_user`, `user`, `pass`, `nama_user`, `level`) VALUES
('A1', 'admin', 'admin', 'Administrator', 'admin'),
('A2', 'alex', 'alex', 'Alex', 'user'),
('A3', 'zul', 'zul', 'Zul', 'user');

--
-- Indexes for dumped tables
--

--
-- Indexes for table `tb_alternatif`
--
ALTER TABLE `tb_alternatif`
  ADD PRIMARY KEY (`kode_alternatif`);

--
-- Indexes for table `tb_kriteria`
--
ALTER TABLE `tb_kriteria`
  ADD PRIMARY KEY (`kode_kriteria`);

--
-- Indexes for table `tb_rel_alternatif`
--
ALTER TABLE `tb_rel_alternatif`
  ADD PRIMARY KEY (`ID`);

--
-- Indexes for table `tb_rel_kriteria`
--
ALTER TABLE `tb_rel_kriteria`
  ADD PRIMARY KEY (`ID`);

--
-- Indexes for table `tb_rel_sub`
--
ALTER TABLE `tb_rel_sub`
  ADD PRIMARY KEY (`ID`);

--
-- Indexes for table `tb_sub`
--
ALTER TABLE `tb_sub`
  ADD PRIMARY KEY (`kode_sub`);

--
-- AUTO_INCREMENT for dumped tables
--

--
-- AUTO_INCREMENT for table `tb_rel_alternatif`
--
ALTER TABLE `tb_rel_alternatif`
  MODIFY `ID` int(11) NOT NULL AUTO_INCREMENT, AUTO_INCREMENT=87;

--
-- AUTO_INCREMENT for table `tb_rel_kriteria`
--
ALTER TABLE `tb_rel_kriteria`
  MODIFY `ID` int(11) NOT NULL AUTO_INCREMENT, AUTO_INCREMENT=174;

--
-- AUTO_INCREMENT for table `tb_rel_sub`
--
ALTER TABLE `tb_rel_sub`
  MODIFY `ID` int(11) NOT NULL AUTO_INCREMENT, AUTO_INCREMENT=1737;
COMMIT;

/*!40101 SET CHARACTER_SET_CLIENT=@OLD_CHARACTER_SET_CLIENT */;
/*!40101 SET CHARACTER_SET_RESULTS=@OLD_CHARACTER_SET_RESULTS */;
/*!40101 SET COLLATION_CONNECTION=@OLD_COLLATION_CONNECTION */;
